tid,subset,rtype,band,l3_wall_s_measured,l3_wall_is_measured,l1_cost_s,V_n_exec_L1,V_n_exec_L3,V_cost_s_measured,V_used_l3,V-tau_n_exec_L1,V-tau_n_exec_L3,V-tau_cost_s_measured,V-tau_used_l3
Amino20x4:ARG_xci+ARG_xby,Amino20x4,conformer,A,151.05,True,0.04,1,0,0.04,False,1,1,151.09,True
Amino20x4:GLU_xbi+GLU_xad,Amino20x4,conformer,A,107.87,True,0.04,1,0,0.04,False,0,2,215.74,True
Amino20x4:HIS_xaq+HIS_xav,Amino20x4,conformer,A,113.6,True,0.04,1,0,0.04,False,0,1,113.6,True
Amino20x4:PRO_xae+PRO_xab,Amino20x4,conformer,A,61.63,True,0.04,1,0,0.04,False,0,1,61.63,True
Amino20x4:THR_xaq+THR_xal,Amino20x4,conformer,A,57.87,True,0.04,1,0,0.04,False,0,1,57.87,True
Amino20x4:TRP_xao+TRP_xac,Amino20x4,conformer,A,195.72,True,0.04,1,1,195.76,True,0,1,195.72,True
CDIE20:R21+P20,CDIE20,conformer,A,6.16,True,0.04,1,0,0.04,False,0,1,6.16,True
CDIE20:R22+P22,CDIE20,conformer,A,10.63,True,0.04,1,0,0.04,False,0,1,10.63,True
CDIE20:R25+P25,CDIE20,conformer,A,8.65,True,0.04,1,1,8.69,True,1,1,8.69,True
CDIE20:R44+P44,CDIE20,conformer,A,9.13,True,0.04,1,0,0.04,False,1,1,9.17,True
CDIE20:R46+P46,CDIE20,conformer,A,18.18,True,0.04,1,0,0.04,False,0,1,18.18,True
CDIE20:R47+P47,CDIE20,conformer,A,19.69,True,0.04,1,0,0.04,False,0,1,19.69,True
CDIE20:R48+P48,CDIE20,conformer,A,17.93,True,0.04,1,0,0.04,False,0,1,17.93,True
CDIE20:R56+P56,CDIE20,conformer,A,19.71,True,0.04,1,0,0.04,False,0,1,19.71,True
CDIE20:R57+P51,CDIE20,conformer,A,18.94,True,0.04,1,0,0.04,False,0,1,18.94,True
CDIE20:R60+P60,CDIE20,conformer,A,17.84,True,0.04,1,0,0.04,False,0,1,17.84,True
ICONF:N3H5_1+N3H5_3,ICONF,conformer,A,2.85,True,0.04,1,0,0.04,False,0,1,2.85,True
ICONF:N3P3H12_1+N3P3H12_2,ICONF,conformer,A,11.02,True,0.04,1,0,0.04,False,0,1,11.02,True
ICONF:S4O4_1+S4O4_2,ICONF,conformer,A,9.72,True,0.04,1,1,9.76,True,0,1,9.72,True
ICONF:S8_1+S8_2,ICONF,conformer,A,11.81,True,0.04,1,0,0.04,False,0,1,11.81,True
ISO34:E12+P12,ISO34,isomer,A,174.22,True,0.04,1,0,0.04,False,1,2,348.48,True
ISO34:E13+P13,ISO34,isomer,A,182.48,True,0.04,1,0,0.04,False,1,2,365.0,True
ISO34:E17+P17,ISO34,isomer,A,57.22,True,0.04,1,1,57.26,True,0,1,57.22,True
ISO34:E27+P27,ISO34,isomer,A,61.89,True,0.04,2,0,0.08,False,1,2,123.82,False
ISO34:E28+P28,ISO34,isomer,A,20.22,True,0.04,1,0,0.04,False,0,1,20.22,True
ISOL24:i13e+i13p,ISOL24,isomer,A,67.77,True,0.04,1,0,0.04,False,1,1,67.81,True
ISOL24:i1e+i1p,ISOL24,isomer,A,2922.45,True,0.04,1,0,0.04,False,1,2,5844.94,True
ISOL24:i2e+i2p,ISOL24,isomer,A,183.23,True,0.04,1,0,0.04,False,0,1,183.23,True
ISOL24:i4e+i4p,ISOL24,isomer,A,3631.28,True,0.04,1,0,0.04,False,1,2,7262.6,True
ISOL24:i5e+i5p,ISOL24,isomer,A,167.23,True,0.04,1,0,0.04,False,0,1,167.23,True
Amino20x4:MET_xbf+MET_xbo,Amino20x4,conformer,B,86.86,True,0.04,1,0,0.04,False,1,1,86.9,True
CDIE20:R43+P43,CDIE20,conformer,B,10.36,True,0.04,1,0,0.04,False,0,1,10.36,True
ISO34:E18+P18,ISO34,isomer,B,92.18,True,0.04,1,0,0.04,False,0,1,92.18,True
ISO34:E26+P26,ISO34,isomer,B,28.36,True,0.04,1,1,28.4,True,0,1,28.36,True
ISO34:E29+P29,ISO34,isomer,B,74.12,True,0.04,1,0,0.04,False,0,1,74.12,True
ISO34:E30+P30,ISO34,isomer,B,78.16,True,0.04,1,1,78.2,True,0,1,78.16,True
ISO34:E31+P31,ISO34,isomer,B,81.27,True,0.04,1,0,0.04,False,1,1,81.31,True
ISO34:E7+P7,ISO34,isomer,B,14.82,True,0.04,1,1,14.86,True,0,1,14.82,True
ISO34:E8+P8,ISO34,isomer,B,49.14,True,0.04,1,0,0.04,False,1,1,49.18,True
ISOL24:i16e+i16p,ISOL24,isomer,B,1666.9,True,0.04,1,0,0.04,False,0,1,1666.9,True
ISOL24:i17e+i17p,ISOL24,isomer,B,540.18,True,0.04,1,0,0.04,False,0,1,540.18,True
ISOL24:i18e+i18p,ISOL24,isomer,B,262.3,True,0.04,1,1,262.34,True,0,1,262.3,True
ISOL24:i19e+i19p,ISOL24,isomer,B,346.03,True,0.04,1,1,346.07,True,1,1,346.07,True
ISOL24:i21e+i21p,ISOL24,isomer,B,390.82,True,0.04,1,0,0.04,False,0,1,390.82,True
ISOL24:i23e+i23p,ISOL24,isomer,B,252.38,True,0.04,1,0,0.04,False,1,1,252.42,True
ISOL24:i24e+i24p,ISOL24,isomer,B,355.05,True,0.04,1,0,0.04,False,0,2,710.1,True
ISOL24:i3e+i3p,ISOL24,isomer,B,53.15,True,0.04,1,0,0.04,False,1,1,53.19,True
ISOL24:i6e+i6p,ISOL24,isomer,B,734.05,True,0.04,1,0,0.04,False,0,1,734.05,True
ISOL24:i7e+i7p,ISOL24,isomer,B,425.94,True,0.04,1,0,0.04,False,0,1,425.94,True
ISOL24:i8e+i8p,ISOL24,isomer,B,413.41,True,0.04,1,1,413.45,True,0,1,413.41,True
ISOL24:i9e+i9p,ISOL24,isomer,B,131.93,True,0.04,1,0,0.04,False,1,1,131.97,True
PCONF21:SER_ab+SER_pII,PCONF21,conformer,B,227.22,True,0.04,1,1,227.26,True,0,1,227.22,True
ACONF:B_T+B_G,ACONF,conformer,C,73.02,True,0.04,1,1,73.06,True,0,1,73.02,True
ACONF:H_ttt+H_tgg,ACONF,conformer,C,63.96,True,0.04,1,1,64.0,True,1,2,127.96,True
ACONF:P_TT+P_GG,ACONF,conformer,C,10.02,True,0.04,1,1,10.06,True,0,1,10.02,True
Amino20x4:ALA_xag+ALA_xac,Amino20x4,conformer,C,28.06,True,0.04,1,1,28.1,True,0,1,28.06,True
Amino20x4:GLN_xai+GLN_xan,Amino20x4,conformer,C,102.66,True,0.04,1,1,102.7,True,0,1,102.66,True
Amino20x4:GLY_xac+GLY_xae,Amino20x4,conformer,C,28.3,True,0.04,1,1,28.34,True,0,1,28.3,True
Amino20x4:PHE_xaw+PHE_xab,Amino20x4,conformer,C,125.45,True,0.04,1,1,125.49,True,0,1,125.45,True
CDIE20:R45+P45,CDIE20,conformer,C,18.01,True,0.04,1,0,0.04,False,1,1,18.05,True
ICONF:H2S2O7_1+H2S2O7_2,ICONF,conformer,C,15.04,True,0.04,1,1,15.08,True,0,1,15.04,True
ISO34:E10+P10,ISO34,isomer,C,181.31,True,0.04,1,1,181.35,True,0,1,181.31,True
ISO34:E15+P15,ISO34,isomer,C,26.4,True,0.04,1,1,26.44,True,0,1,26.4,True
ISO34:E19+E20,ISO34,isomer,C,40.12,True,0.04,1,1,40.16,True,0,1,40.12,True
ISO34:E23+P23,ISO34,isomer,C,340.24,True,0.04,1,1,340.28,True,1,2,680.52,True
ISO34:E3+P3,ISO34,isomer,C,24.28,True,0.04,1,1,24.32,True,0,1,24.28,True
ISO34:E32+P32,ISO34,isomer,C,122.48,True,0.04,1,0,0.04,False,0,1,122.48,True
ISO34:E33+P33,ISO34,isomer,C,294.05,True,0.04,1,1,294.09,True,0,1,294.05,True
ISO34:E34+P34,ISO34,isomer,C,137.38,True,0.04,1,0,0.04,False,0,1,137.38,True
ISO34:E9+P9,ISO34,isomer,C,44.75,True,0.04,1,1,44.79,True,0,1,44.75,True
ISOL24:i10e+i10p,ISOL24,isomer,C,136.97,True,0.04,1,1,137.01,True,1,1,137.01,True
ISOL24:i14e+i14p,ISOL24,isomer,C,83.65,True,0.04,1,1,83.69,True,1,1,83.69,True
ISOL24:i15e+i15p,ISOL24,isomer,C,246.42,True,0.04,1,0,0.04,False,0,1,246.42,True
ISOL24:i20e+i20p,ISOL24,isomer,C,187.84,True,0.04,1,1,187.88,True,0,1,187.84,True
PCONF21:99+215,PCONF21,conformer,C,283.02,True,0.04,1,0,0.04,False,0,1,283.02,True
PCONF21:GLY_ab+GLY_aR,PCONF21,conformer,C,199.73,True,0.04,1,1,199.77,True,0,1,199.73,True
SCONF:C1+C2,SCONF,conformer,C,56.93,True,0.04,1,1,56.97,True,0,1,56.93,True
Amino20x4:ASN_xaf+ASN_xaj,Amino20x4,conformer,D,64.47,True,0.04,1,1,64.51,True,0,1,64.47,True
Amino20x4:ASP_xaz+ASP_xad,Amino20x4,conformer,D,62.61,True,0.04,1,1,62.65,True,0,1,62.61,True
Amino20x4:CYS_xai+CYS_xah,Amino20x4,conformer,D,49.82,True,0.04,1,1,49.86,True,1,1,49.86,True
Amino20x4:ILE_xae+ILE_xaj,Amino20x4,conformer,D,100.41,True,0.04,1,1,100.45,True,0,1,100.41,True
Amino20x4:LEU_xap+LEU_xad,Amino20x4,conformer,D,96.34,True,0.04,1,1,96.38,True,1,1,96.38,True
Amino20x4:LYS_xap+LYS_xan,Amino20x4,conformer,D,100.43,True,0.04,1,1,100.47,True,0,1,100.43,True
ICONF:N4H6_1+N4H6_2,ICONF,conformer,D,4.9,True,0.04,1,0,0.04,False,0,1,4.9,True
ICONF:SI5H12_1+SI5H12_2,ICONF,conformer,D,11.51,True,0.04,1,1,11.55,True,0,1,11.51,True
ISO34:E1+P1,ISO34,isomer,D,18.8,True,0.04,1,1,18.84,True,0,1,18.8,True
ISO34:E11+P11,ISO34,isomer,D,625.81,True,0.04,1,1,625.85,True,0,1,625.81,True
ISO34:E21+P21,ISO34,isomer,D,145.83,True,0.04,1,1,145.87,True,0,1,145.83,True
ISO34:E4+P6,ISO34,isomer,D,36.74,True,0.04,1,1,36.78,True,0,1,36.74,True
ISOL24:i12e+i12p,ISOL24,isomer,D,290.38,True,0.04,1,1,290.42,True,1,1,290.42,True
ISOL24:i22e+i22p,ISOL24,isomer,D,745.02,True,0.04,1,1,745.06,True,0,1,745.02,True
SCONF:G1+G2,SCONF,conformer,D,50.31,True,0.04,1,1,50.35,True,0,1,50.31,True
