tid,rtype,subset,abs_ref,band
Amino20x4:ARG_xci+ARG_xby,conformer,Amino20x4,6.459,A
Amino20x4:GLU_xbi+GLU_xad,conformer,Amino20x4,5.216,A
Amino20x4:HIS_xaq+HIS_xav,conformer,Amino20x4,7.37,A
Amino20x4:PRO_xae+PRO_xab,conformer,Amino20x4,6.014,A
Amino20x4:THR_xaq+THR_xal,conformer,Amino20x4,4.224,A
Amino20x4:TRP_xao+TRP_xac,conformer,Amino20x4,4.057,A
CDIE20:R21+P20,conformer,CDIE20,4.4,A
CDIE20:R22+P22,conformer,CDIE20,5.9,A
CDIE20:R25+P25,conformer,CDIE20,4.8,A
CDIE20:R44+P44,conformer,CDIE20,3.7,A
CDIE20:R46+P46,conformer,CDIE20,3.7,A
CDIE20:R47+P47,conformer,CDIE20,3.8,A
CDIE20:R48+P48,conformer,CDIE20,4.4,A
CDIE20:R56+P56,conformer,CDIE20,5.9,A
CDIE20:R57+P51,conformer,CDIE20,5.8,A
CDIE20:R60+P60,conformer,CDIE20,8.6,A
ICONF:N3H5_1+N3H5_3,conformer,ICONF,5.29,A
ICONF:N3P3H12_1+N3P3H12_2,conformer,ICONF,12.16,A
ICONF:S4O4_1+S4O4_2,conformer,ICONF,4.39,A
ICONF:S8_1+S8_2,conformer,ICONF,9.16,A
ISO34:E12+P12,isomer,ISO34,45.65,A
ISO34:E13+P13,isomer,ISO34,36.85,A
ISO34:E17+P17,isomer,ISO34,28.51,A
ISO34:E27+P27,isomer,ISO34,66.06,A
ISO34:E28+P28,isomer,ISO34,31.26,A
ISOL24:i13e+i13p,isomer,ISOL24,33.2,A
ISOL24:i1e+i1p,isomer,ISOL24,71.53,A
ISOL24:i2e+i2p,isomer,ISOL24,38.13,A
ISOL24:i4e+i4p,isomer,ISOL24,69.03,A
ISOL24:i5e+i5p,isomer,ISOL24,32.85,A
Amino20x4:MET_xbf+MET_xbo,conformer,Amino20x4,2.896,B
CDIE20:R43+P43,conformer,CDIE20,2.9,B
ISO34:E18+P18,isomer,ISO34,11.68,B
ISO34:E26+P26,isomer,ISO34,17.14,B
ISO34:E29+P29,isomer,ISO34,13.05,B
ISO34:E30+P30,isomer,ISO34,9.98,B
ISO34:E31+P31,isomer,ISO34,15.23,B
ISO34:E7+P7,isomer,ISO34,11.15,B
ISO34:E8+P8,isomer,ISO34,22.59,B
ISOL24:i16e+i16p,isomer,ISOL24,22.62,B
ISOL24:i17e+i17p,isomer,ISOL24,9.59,B
ISOL24:i18e+i18p,isomer,ISOL24,23.77,B
ISOL24:i19e+i19p,isomer,ISOL24,18.28,B
ISOL24:i21e+i21p,isomer,ISOL24,11.38,B
ISOL24:i23e+i23p,isomer,ISOL24,23.66,B
ISOL24:i24e+i24p,isomer,ISOL24,15.25,B
ISOL24:i3e+i3p,isomer,ISOL24,10.29,B
ISOL24:i6e+i6p,isomer,ISOL24,24.14,B
ISOL24:i7e+i7p,isomer,ISOL24,17.72,B
ISOL24:i8e+i8p,isomer,ISOL24,23.93,B
ISOL24:i9e+i9p,isomer,ISOL24,21.1,B
PCONF21:SER_ab+SER_pII,conformer,PCONF21,2.8,B
ACONF:B_T+B_G,conformer,ACONF,0.598,C
ACONF:H_ttt+H_tgg,conformer,ACONF,0.934,C
ACONF:P_TT+P_GG,conformer,ACONF,0.961,C
Amino20x4:ALA_xag+ALA_xac,conformer,Amino20x4,1.169,C
Amino20x4:GLN_xai+GLN_xan,conformer,Amino20x4,0.424,C
Amino20x4:GLY_xac+GLY_xae,conformer,Amino20x4,1.091,C
Amino20x4:PHE_xaw+PHE_xab,conformer,Amino20x4,0.872,C
CDIE20:R45+P45,conformer,CDIE20,1.2,C
ICONF:H2S2O7_1+H2S2O7_2,conformer,ICONF,0.55,C
ISO34:E10+P10,isomer,ISO34,3.8,C
ISO34:E15+P15,isomer,ISO34,8.25,C
ISO34:E19+E20,isomer,ISO34,4.58,C
ISO34:E23+P23,isomer,ISO34,5.54,C
ISO34:E3+P3,isomer,ISO34,7.27,C
ISO34:E32+P32,isomer,ISO34,6.64,C
ISO34:E33+P33,isomer,ISO34,8.7,C
ISO34:E34+P34,isomer,ISO34,6.77,C
ISO34:E9+P9,isomer,ISO34,6.54,C
ISOL24:i10e+i10p,isomer,ISOL24,6.26,C
ISOL24:i14e+i14p,isomer,ISOL24,4.92,C
ISOL24:i15e+i15p,isomer,ISOL24,4.07,C
ISOL24:i20e+i20p,isomer,ISOL24,5.13,C
PCONF21:99+215,conformer,PCONF21,0.85,C
PCONF21:GLY_ab+GLY_aR,conformer,PCONF21,1.07,C
SCONF:C1+C2,conformer,SCONF,0.86,C
Amino20x4:ASN_xaf+ASN_xaj,conformer,Amino20x4,0.388,D
Amino20x4:ASP_xaz+ASP_xad,conformer,Amino20x4,0.157,D
Amino20x4:CYS_xai+CYS_xah,conformer,Amino20x4,0.277,D
Amino20x4:ILE_xae+ILE_xaj,conformer,Amino20x4,0.187,D
Amino20x4:LEU_xap+LEU_xad,conformer,Amino20x4,0.338,D
Amino20x4:LYS_xap+LYS_xan,conformer,Amino20x4,0.199,D
ICONF:N4H6_1+N4H6_2,conformer,ICONF,0.13,D
ICONF:SI5H12_1+SI5H12_2,conformer,ICONF,0.1,D
ISO34:E1+P1,isomer,ISO34,1.49,D
ISO34:E11+P11,isomer,ISO34,1.58,D
ISO34:E21+P21,isomer,ISO34,1.16,D
ISO34:E4+P6,isomer,ISO34,2.49,D
ISOL24:i12e+i12p,isomer,ISOL24,0.42,D
ISOL24:i22e+i22p,isomer,ISOL24,1.08,D
SCONF:G1+G2,conformer,SCONF,0.2,D
