tid,band,subset,rtype,species,species_key,identification,n_candidates,abs_ref_kcal_mol
Amino20x4:ARG_xci+ARG_xby,A,Amino20x4,conformer,ARG_xby,Amino20x4:ARG_xby,autonomous,5,6.459
Amino20x4:GLU_xbi+GLU_xad,A,Amino20x4,conformer,GLU_xad,Amino20x4:GLU_xad,autonomous,5,5.216
Amino20x4:HIS_xaq+HIS_xav,A,Amino20x4,conformer,HIS_xav,Amino20x4:HIS_xav,autonomous,5,7.37
Amino20x4:PRO_xae+PRO_xab,A,Amino20x4,conformer,PRO_xab,Amino20x4:PRO_xab,autonomous,5,6.014
Amino20x4:THR_xaq+THR_xal,A,Amino20x4,conformer,THR_xal,Amino20x4:THR_xal,autonomous,5,4.224
Amino20x4:TRP_xao+TRP_xac,A,Amino20x4,conformer,TRP_xac,Amino20x4:TRP_xac,autonomous,5,4.057
CDIE20:R21+P20,A,CDIE20,conformer,P20,CDIE20:P20,paired,3,4.4
CDIE20:R22+P22,A,CDIE20,conformer,P22,CDIE20:P22,autonomous,2,5.9
CDIE20:R25+P25,A,CDIE20,conformer,P25,CDIE20:P25,paired,3,4.8
CDIE20:R44+P44,A,CDIE20,conformer,P44,CDIE20:P44,autonomous,2,3.7
CDIE20:R46+P46,A,CDIE20,conformer,P46,CDIE20:P46,autonomous,2,3.7
CDIE20:R47+P47,A,CDIE20,conformer,P47,CDIE20:P47,autonomous,2,3.8
CDIE20:R48+P48,A,CDIE20,conformer,P48,CDIE20:P48,autonomous,2,4.4
CDIE20:R56+P56,A,CDIE20,conformer,P56,CDIE20:P56,autonomous,2,5.9
CDIE20:R57+P51,A,CDIE20,conformer,P51,CDIE20:P51,paired,3,5.8
CDIE20:R60+P60,A,CDIE20,conformer,P60,CDIE20:P60,paired,2,8.6
ICONF:N3H5_1+N3H5_3,A,ICONF,conformer,N3H5_3,ICONF:N3H5_3,paired,3,5.29
ICONF:N3P3H12_1+N3P3H12_2,A,ICONF,conformer,N3P3H12_2,ICONF:N3P3H12_2,autonomous,2,12.16
ICONF:S4O4_1+S4O4_2,A,ICONF,conformer,S4O4_2,ICONF:S4O4_2,autonomous,2,4.39
ICONF:S8_1+S8_2,A,ICONF,conformer,S8_2,ICONF:S8_2,autonomous,2,9.16
ISO34:E12+P12,A,ISO34,isomer,P12,ISO34:P12,autonomous,2,45.65
ISO34:E13+P13,A,ISO34,isomer,P13,ISO34:P13,autonomous,2,36.85
ISO34:E17+P17,A,ISO34,isomer,P17,ISO34:P17,autonomous,2,28.51
ISO34:E27+P27,A,ISO34,isomer,P27,ISO34:P27,autonomous,2,66.06
ISO34:E28+P28,A,ISO34,isomer,P28,ISO34:P28,autonomous,2,31.26
ISOL24:i13e+i13p,A,ISOL24,isomer,i13p,ISOL24:i13p,autonomous,2,33.2
ISOL24:i1e+i1p,A,ISOL24,isomer,i1p,ISOL24:i1p,autonomous,2,71.53
ISOL24:i2e+i2p,A,ISOL24,isomer,i2p,ISOL24:i2p,autonomous,2,38.13
ISOL24:i4e+i4p,A,ISOL24,isomer,i4p,ISOL24:i4p,autonomous,2,69.03
ISOL24:i5e+i5p,A,ISOL24,isomer,i5p,ISOL24:i5p,autonomous,2,32.85
Amino20x4:MET_xbf+MET_xbo,B,Amino20x4,conformer,MET_xbo,Amino20x4:MET_xbo,autonomous,5,2.896
CDIE20:R43+P43,B,CDIE20,conformer,P43,CDIE20:P43,autonomous,2,2.9
ISO34:E18+P18,B,ISO34,isomer,P18,ISO34:P18,autonomous,2,11.68
ISO34:E26+P26,B,ISO34,isomer,P26,ISO34:P26,autonomous,2,17.14
ISO34:E29+P29,B,ISO34,isomer,P29,ISO34:P29,autonomous,2,13.05
ISO34:E30+P30,B,ISO34,isomer,P30,ISO34:P30,autonomous,2,9.98
ISO34:E31+P31,B,ISO34,isomer,P31,ISO34:P31,autonomous,2,15.23
ISO34:E7+P7,B,ISO34,isomer,P7,ISO34:P7,autonomous,2,11.15
ISO34:E8+P8,B,ISO34,isomer,P8,ISO34:P8,autonomous,2,22.59
ISOL24:i16e+i16p,B,ISOL24,isomer,i16p,ISOL24:i16p,autonomous,2,22.62
ISOL24:i17e+i17p,B,ISOL24,isomer,i17p,ISOL24:i17p,autonomous,2,9.59
ISOL24:i18e+i18p,B,ISOL24,isomer,i18p,ISOL24:i18p,autonomous,2,23.77
ISOL24:i19e+i19p,B,ISOL24,isomer,i19p,ISOL24:i19p,autonomous,2,18.28
ISOL24:i21e+i21p,B,ISOL24,isomer,i21p,ISOL24:i21p,autonomous,2,11.38
ISOL24:i23e+i23p,B,ISOL24,isomer,i23p,ISOL24:i23p,autonomous,2,23.66
ISOL24:i24e+i24p,B,ISOL24,isomer,i24p,ISOL24:i24p,autonomous,2,15.25
ISOL24:i3e+i3p,B,ISOL24,isomer,i3p,ISOL24:i3p,autonomous,2,10.29
ISOL24:i6e+i6p,B,ISOL24,isomer,i6p,ISOL24:i6p,autonomous,2,24.14
ISOL24:i7e+i7p,B,ISOL24,isomer,i7p,ISOL24:i7p,autonomous,2,17.72
ISOL24:i8e+i8p,B,ISOL24,isomer,i8p,ISOL24:i8p,autonomous,2,23.93
ISOL24:i9e+i9p,B,ISOL24,isomer,i9p,ISOL24:i9p,autonomous,2,21.1
PCONF21:SER_ab+SER_pII,B,PCONF21,conformer,SER_b,PCONF21:SER_b,autonomous,5,2.8
ACONF:B_T+B_G,C,ACONF,conformer,B_G,ACONF:B_G,autonomous,2,0.598
ACONF:H_ttt+H_tgg,C,ACONF,conformer,H_x+g-x+,ACONF:H_x+g-x+,autonomous,12,0.934
ACONF:P_TT+P_GG,C,ACONF,conformer,P_GX,ACONF:P_GX,autonomous,4,0.961
Amino20x4:ALA_xag+ALA_xac,C,Amino20x4,conformer,ALA_xab,Amino20x4:ALA_xab,autonomous,5,1.169
Amino20x4:GLN_xai+GLN_xan,C,Amino20x4,conformer,GLN_xal,Amino20x4:GLN_xal,autonomous,5,0.424
Amino20x4:GLY_xac+GLY_xae,C,Amino20x4,conformer,GLY_xag,Amino20x4:GLY_xag,autonomous,5,1.091
Amino20x4:PHE_xaw+PHE_xab,C,Amino20x4,conformer,PHE_xal,Amino20x4:PHE_xal,autonomous,5,0.872
CDIE20:R45+P45,C,CDIE20,conformer,P45,CDIE20:P45,autonomous,2,1.2
ICONF:H2S2O7_1+H2S2O7_2,C,ICONF,conformer,H2S2O7_3,ICONF:H2S2O7_3,autonomous,3,0.55
ISO34:E10+P10,C,ISO34,isomer,P10,ISO34:P10,autonomous,2,3.8
ISO34:E15+P15,C,ISO34,isomer,P15,ISO34:P15,paired,2,8.25
ISO34:E19+E20,C,ISO34,isomer,P20,ISO34:P20,paired,3,4.58
ISO34:E23+P23,C,ISO34,isomer,P23,ISO34:P23,paired,2,5.54
ISO34:E3+P3,C,ISO34,isomer,P3,ISO34:P3,paired,2,7.27
ISO34:E32+P32,C,ISO34,isomer,P32,ISO34:P32,autonomous,2,6.64
ISO34:E33+P33,C,ISO34,isomer,P33,ISO34:P33,autonomous,2,8.7
ISO34:E34+P34,C,ISO34,isomer,P34,ISO34:P34,autonomous,2,6.77
ISO34:E9+P9,C,ISO34,isomer,P9,ISO34:P9,autonomous,2,6.54
ISOL24:i10e+i10p,C,ISOL24,isomer,i10p,ISOL24:i10p,autonomous,2,6.26
ISOL24:i14e+i14p,C,ISOL24,isomer,i14p,ISOL24:i14p,autonomous,2,4.92
ISOL24:i15e+i15p,C,ISOL24,isomer,i15p,ISOL24:i15p,autonomous,2,4.07
ISOL24:i20e+i20p,C,ISOL24,isomer,i20p,ISOL24:i20p,autonomous,2,5.13
PCONF21:99+215,C,PCONF21,conformer,224,PCONF21:224,autonomous,11,0.85
PCONF21:GLY_ab+GLY_aR,C,PCONF21,conformer,GLY_b,PCONF21:GLY_b,paired,5,1.07
SCONF:C1+C2,C,SCONF,conformer,C15,SCONF:C15,autonomous,15,0.86
Amino20x4:ASN_xaf+ASN_xaj,D,Amino20x4,conformer,ASN_xah,Amino20x4:ASN_xah,autonomous,5,0.388
Amino20x4:ASP_xaz+ASP_xad,D,Amino20x4,conformer,ASP_xbc,Amino20x4:ASP_xbc,autonomous,5,0.157
Amino20x4:CYS_xai+CYS_xah,D,Amino20x4,conformer,CYS_xal,Amino20x4:CYS_xal,autonomous,5,0.277
Amino20x4:ILE_xae+ILE_xaj,D,Amino20x4,conformer,ILE_xak,Amino20x4:ILE_xak,paired,5,0.187
Amino20x4:LEU_xap+LEU_xad,D,Amino20x4,conformer,LEU_xaq,Amino20x4:LEU_xaq,paired,5,0.338
Amino20x4:LYS_xap+LYS_xan,D,Amino20x4,conformer,LYS_xat,Amino20x4:LYS_xat,paired,5,0.199
ICONF:N4H6_1+N4H6_2,D,ICONF,conformer,N4H6_3,ICONF:N4H6_3,paired,3,0.13
ICONF:SI5H12_1+SI5H12_2,D,ICONF,conformer,SI5H12_4,ICONF:SI5H12_4,autonomous,4,0.1
ISO34:E1+P1,D,ISO34,isomer,P2,ISO34:P2,paired,3,1.49
ISO34:E11+P11,D,ISO34,isomer,P11,ISO34:P11,autonomous,2,1.58
ISO34:E21+P21,D,ISO34,isomer,P21,ISO34:P21,paired,3,1.16
ISO34:E4+P6,D,ISO34,isomer,P6,ISO34:P6,autonomous,4,2.49
ISOL24:i12e+i12p,D,ISOL24,isomer,i12p,ISOL24:i12p,autonomous,2,0.42
ISOL24:i22e+i22p,D,ISOL24,isomer,i22p,ISOL24:i22p,autonomous,2,1.08
SCONF:G1+G2,D,SCONF,conformer,G4,SCONF:G4,autonomous,4,0.2
